country,iso3_code,region,income_level,latitude,longitude,crude_death_rate,total_population,population_65_plus_pct,gni_per_capita,poverty_headcount,gini_index,health_expenditure_pc,female_literacy,adult_literacy,education_expenditure_gdp,safe_water,basic_sanitation,electricity_access,hospital_beds,physicians_density,nurses_midwives_density,urban_population,communicable_disease_deaths,ncd_mortality_pct,hiv_prevalence,measles_immunisation,dpt_immunisation,undernourishment,smoking_prevalence,overweight_prevalence
Aruba,ABW,LCN,HIC,,,7.582,107624.0,17.0563223230356,,,,,,,,,98.8400017151311,100.0,,,,44.474,,,,,,,,
Afghanistan,AFG,MEA,LIC,33.0,65.0,5.797,42647492.0,2.400970026561,,,,,,,,30.0340981310563,55.9519412878114,85.3,0.36,,,27.265,32.9304513537869,49.7810848710223,0.1,55.0,59.0,30.4,22.7,
Angola,AGO,SSF,LMC,-12.5,18.5,6.925,37885849.0,2.85242119224488,2220.0,,,,,,,,52.1772757616933,51.1,,0.244,1.265,69.281,59.1622729537789,31.7494401531339,1.6,53.0,64.0,23.2,,
Albania,ALB,ECS,UMC,41.0,20.0,8.332,2714617.0,16.922756199529,8690.0,,,,,,,70.7360679461577,99.2992661348186,100.0,,,,65.38,3.0231082827299,93.9408931427863,0.1,81.0,97.0,4.5,21.9,
Andorra,AND,ECS,HIC,,,6.076,81938.0,15.9456903127384,48870.0,,,3654.07470703,,,,90.640001490064,100.0,100.0,,,,87.747,,,,98.0,98.0,,36.3,
United Arab Emirates,ARE,MEA,HIC,24.0,54.0,0.932,10876981.0,1.76696037563358,49500.0,,,,98.4300003051758,98.8099975585938,,,99.0913054641249,100.0,1.98,,,88.008,7.09169127061723,77.0996232320676,0.1,98.0,96.0,2.7,9.0,
Argentina,ARG,LCN,UMC,-34.0,-64.0,7.668,45696159.0,12.4160041547474,13440.0,38.1,42.4,,,,,,,100.0,3.34,4.082,4.354,92.579,17.5964944783087,76.6944625404959,0.4,82.0,75.0,3.2,23.8,
Armenia,ARM,ECS,UMC,40.0,45.0,8.2,3033500.0,13.7027691969357,7780.0,,,,,,,82.4117239415569,93.9797141565547,100.0,,,,63.929,6.69449890981904,88.6277513245613,0.4,96.0,94.0,2.5,24.9,
American Samoa,ASM,EAS,HIC,,,7.021,46765.0,8.04447770768737,,,,,,,,,54.1452985866279,,,,,87.284,,,,,,,,
Antigua and Barbuda,ATG,LCN,HIC,,,6.893,93772.0,11.7844974219246,21380.0,,,,,,,,97.403718511033,100.0,,,,24.338,9.83439461391756,84.7928092808798,1.1,97.0,99.0,,,
Australia,AUS,EAS,HIC,-25.0,135.0,6.9,27204809.0,17.7300159228367,62550.0,,,,,,,,100.0,100.0,,,,86.75,4.94105432186094,89.1143536670652,0.1,91.0,93.0,2.5,13.1,
Austria,AUT,ECS,HIC,47.5,14.5,9.8,9178482.0,20.6064031791903,54160.0,,,6208.64453125,,,,98.8963233865813,99.9723671174221,100.0,,5.508,,59.819,3.5699786156552,90.9847050700664,,90.0,85.0,2.5,24.9,
Azerbaijan,AZE,ECS,UMC,40.5,47.5,5.9,10202850.0,8.5557671289167,7310.0,,,,,,,71.6117027151749,,100.0,,,,57.997,5.98818904163466,90.2481711224634,0.1,71.0,51.0,2.5,19.6,
Burundi,BDI,SSF,LIC,-3.5,30.0,6.718,14047786.0,2.53180465590806,190.0,,,,,,,,45.6906846411766,11.6,,,,15.16,51.1748058045556,36.7638905790271,0.8,86.0,89.0,,11.2,
Belgium,BEL,ECS,HIC,50.5,4.5,9.4,11876844.0,20.5580809256443,54840.0,,,,,,,99.739449377802,99.4862170542849,100.0,5.48,,20.89,98.224,7.89790553547321,85.9811278647269,0.2,96.0,97.0,2.5,26.7,
Benin,BEN,SSF,LMC,9.5,2.25,8.797,14462724.0,3.11814703786092,1430.0,,,,,,,,19.4935017104267,57.0,0.45,0.195,0.595,50.669,51.8319985999825,38.9765291553727,0.7,44.0,63.0,10.3,6.3,
Burkina Faso,BFA,SSF,LIC,13.0,-2.0,7.964,23548781.0,2.65177208111112,880.0,,,,,,,,24.7564935540426,21.7,,0.147,1.026,33.166,54.1048280089536,34.7652014223855,0.5,88.0,91.0,15.4,14.3,
Bangladesh,BGD,SAS,LMC,24.0,90.0,5.01,173562364.0,6.49846299627493,2820.0,,,,,,2.0343847791384,59.1092953183807,59.2951914692048,99.5,,,,41.23,22.6128372233556,70.2556717831391,0.1,96.0,97.0,11.9,32.9,
Bulgaria,BGR,ECS,HIC,43.0,25.0,15.7,6444366.0,22.0303362606903,15320.0,,,,,,,95.6543313759674,86.0558628837298,100.0,,4.896,,77.037,2.21400417234221,95.3110776571572,0.1,94.0,94.0,2.5,39.5,
Bahrain,BHR,MEA,HIC,,,2.089,1588670.0,3.85339957070368,28810.0,,,,96.2900009155273,97.8199996948242,,98.9039755631804,100.0,100.0,,,,89.999,5.00867408980183,86.0990092950325,0.1,99.0,96.0,,15.0,
"Bahamas, The",BHS,LCN,HIC,,,8.713,401283.0,11.7758539484603,,,,,,,,,,100.0,2.68,,,83.764,10.7101925570542,75.4340380076986,1.1,86.0,90.0,,11.3,
Bosnia and Herzegovina,BIH,ECS,UMC,44.0,18.0,13.457,3164253.0,22.2302388589029,8630.0,,,,,,,86.9706794612828,,100.0,,,,50.708,1.80974774248712,94.4236633469105,,69.0,79.0,2.5,36.2,
Belarus,BLR,ECS,UMC,53.0,28.0,13.338,9133712.0,17.6665640538227,8240.0,,,,,,,93.0997559157322,99.5586639196019,100.0,,,,81.125,1.60865374337322,92.6768424325138,,98.0,98.0,2.5,30.1,
Belize,BLZ,LCN,UMC,,,4.925,417072.0,5.02383883818482,7640.0,,,,,,4.62276317232973,,88.2510779331487,99.6,,,,46.838,15.935660184566,65.2188110018724,1.2,84.0,88.0,4.6,8.8,
Bermuda,BMU,NAC,HIC,,,8.858,64636.0,21.7439063068081,140280.0,,,,,,,,99.9416526015971,100.0,,,,100.0,,,,,,,,
Bolivia,BOL,LCN,LMC,-17.0,-65.0,7.172,12413315.0,5.64147449734418,3690.0,,,,,,,,68.612563095457,99.8,1.35,,,71.545,18.622322153459,72.6759001252702,0.4,67.0,59.0,23.0,12.4,
Brazil,BRA,LCN,UMC,-10.0,-55.0,7.077,211998573.0,11.0491844889702,9950.0,,,,95.0868612669902,94.8005123042056,,87.2587154718951,90.8834993687823,99.8,2.46,,,88.016,13.7086408761723,74.7376983511031,0.7,93.0,91.0,3.9,12.2,
Barbados,BRB,LCN,HIC,,,10.613,282467.0,16.5502225919796,23660.0,,,,,,3.55593188106322,,98.0924623115578,100.0,,2.965,,31.548,12.9005007432283,82.790270878622,1.0,88.0,94.0,3.5,7.0,
Brunei Darussalam,BRN,EAS,HIC,,,5.23,462721.0,6.8678459937565,36150.0,,,,,,,,99.4808254058944,100.0,3.87,,,79.439,10.3409807344221,84.6690303548102,,99.0,99.0,,16.4,
Bhutan,BTN,SAS,LMC,27.5,90.5,6.11,791524.0,6.49423991297806,,,,,,,,73.3419919439661,77.9400742382936,100.0,2.2,0.552,2.047,45.0,18.2109373330241,72.7433195327289,0.2,97.0,98.0,,18.7,
Botswana,BWA,SSF,UMC,-22.0,24.0,5.724,2521139.0,4.03589409389962,7750.0,,,,,,,,80.5508168196432,76.0,2.22,0.378,3.052,73.49,44.9044531753364,45.7103277474811,15.7,97.0,95.0,24.3,18.7,
Central African Republic,CAF,SSF,LIC,7.0,21.0,9.419,5330690.0,2.15107257700903,520.0,,,,,,,6.12644463898753,13.8462938417752,17.6,,,,44.13,59.061166797196,31.9181186711719,2.4,41.0,42.0,23.5,,
Canada,CAN,NAC,HIC,60.0,-95.0,8.1,41288599.0,19.7995907648324,53340.0,,,6112.01953125,,,,99.0397292852425,98.5883581968614,100.0,,2.497,10.31,81.98,4.77225226729925,89.8086329490656,,92.0,92.0,2.5,12.0,
Switzerland,CHE,ECS,HIC,47.0,8.0,8.1,9034102.0,20.0190518226838,95900.0,,,,,,,96.7000018583182,99.8998758338064,100.0,4.44,,,74.327,4.74880946988912,89.5529243677502,0.2,96.0,96.0,2.5,25.5,
Channel Islands,CHI,ECS,HIC,,,10.4,168126.0,20.0299776060146,,,,,,,,,,100.0,,,,31.257,,,,,,,,
Chile,CHL,LCN,HIC,-30.0,-71.0,6.495,19764771.0,14.1350862568788,15750.0,,,1714.8927002,,,,98.7713643041914,99.9999982963226,100.0,1.97,3.17,4.968,88.116,7.11162087300677,85.1251257357857,0.7,93.0,95.0,2.5,28.7,
China,CHN,EAS,UMC,35.0,105.0,7.87,1408975000.0,14.665268836569,13660.0,,,,,,,,95.8923614069453,100.0,,,,65.544,3.54971055780421,89.6330763010546,,95.0,97.0,2.5,23.4,
Cote d'Ivoire,CIV,SSF,LMC,8.0,-5.0,7.66,31934230.0,2.60896849556103,2510.0,,,,,,,43.8921552555398,36.9620839390068,72.4,,0.175,0.796,53.644,54.3054200963566,35.6599009600282,1.7,75.0,77.0,9.6,8.8,
Cameroon,CMR,SSF,LMC,6.0,12.0,7.151,29123744.0,2.79479868376124,1680.0,,,,,,,,43.119165338496,72.0,,0.135,0.65,59.892,51.8162254693138,37.7262566860188,2.5,71.0,77.0,5.7,6.5,
"Congo, Dem. Rep.",COD,SSF,LIC,-3.0,22.0,8.525,109276265.0,3.07557777105384,640.0,,,,,,,11.5843357881251,16.1744725542393,22.1,,0.187,1.191,48.055,56.1827809538902,34.1320653169829,0.7,55.0,65.0,37.0,12.2,
"Congo, Rep.",COG,SSF,LMC,-1.0,15.0,6.288,6332961.0,2.98559394254915,2410.0,,,,,,,,,51.3,,0.175,1.085,69.638,51.9672158322426,38.5735094747127,3.2,72.0,78.0,26.8,15.4,
Colombia,COL,LCN,UMC,4.0,-72.0,5.398,52886363.0,9.77843560750778,7040.0,31.8,,534.43713379,95.6900024414062,95.3399963378906,,73.8560448264451,94.7309784385239,98.7,,,,82.652,10.3397734089232,75.6457144242242,0.6,93.0,89.0,4.2,8.2,
Comoros,COM,SSF,LMC,,,7.196,866628.0,4.47216106564754,1690.0,,,,,,,,,89.8,,,,30.418,44.0713381221766,44.6818800906545,0.1,70.0,75.0,16.9,17.2,
Cabo Verde,CPV,SSF,UMC,,,5.059,524877.0,6.85817820175012,5000.0,,,,84.120002746582,88.4700012207031,,,83.0453032676674,98.6,,,1.587,68.412,15.8291786031253,70.1204552332968,0.9,95.0,93.0,12.6,11.0,
Costa Rica,CRI,LCN,HIC,10.0,-84.0,5.457,5129910.0,12.2251559968888,15620.0,20.3,45.8,,,,,80.5075784878385,98.3836215500599,100.0,1.18,2.636,6.025,83.167,7.1284953663228,81.9929907443709,0.6,93.0,99.0,2.5,8.9,
Cuba,CUB,LCN,UMC,22.0,-80.0,10.147,10979783.0,16.5690797350002,,,,,,,,,92.149409654717,100.0,4.22,,,77.657,9.21507185480928,83.3072850613784,0.6,99.0,99.0,2.5,17.4,
Curacao,CUW,LCN,HIC,,,9.7,155900.0,16.7817275577349,,,,,,,5.44313725490196,,,100.0,,,,89.033,,,,,,,,
Cayman Islands,CYM,LCN,HIC,,,4.801,74457.0,8.99775039452036,,,,,,,,,83.2662883435582,100.0,,,,100.0,,,,,,,,
Cyprus,CYP,ECS,HIC,35.0,33.0,7.063,1358282.0,14.616184268068,32980.0,,,,,,,99.7650627352206,99.3967759456196,100.0,,,,67.082,4.7917246170997,89.8616486277654,,99.0,94.0,2.5,35.6,
Czechia,CZE,ECS,HIC,50.0,15.5,10.4,10882164.0,20.8453836809891,29140.0,,,2609.24072266,,,,97.8834116268806,99.1363581954323,100.0,,,,74.738,5.82779134424743,89.3967236941536,,89.0,86.0,2.5,29.9,
Germany,DEU,ECS,HIC,51.0,9.0,12.3,83510950.0,23.1955871731941,54960.0,,,6232.59130859,,,,99.9164119020981,99.2262037402876,100.0,,,,77.895,4.7599854163992,90.5983327596301,0.2,96.0,89.0,2.5,21.3,
Djibouti,DJI,MEA,LMC,,,7.456,1168722.0,4.85081139911801,3540.0,,,,,,,,66.9052134536498,65.2,,,,78.732,37.4138233548601,51.7746300342238,0.9,75.0,77.0,12.9,,
Dominica,DMA,LCN,UMC,,,12.763,66205.0,12.9559700928933,10220.0,,,,,,5.38572189060925,,,100.0,2.98,,,72.312,,,0.5,80.0,90.0,13.4,,
Denmark,DNK,ECS,HIC,56.0,10.0,9.8,5976992.0,20.8660704666167,73790.0,,,6432.37158203,,,,99.9188291924832,99.5972292400995,100.0,2.51,,,88.626,6.82614009736737,89.6578412938322,0.1,94.0,96.0,2.5,16.2,
Dominican Republic,DOM,LCN,UMC,19.0,-70.5,6.25,11427557.0,7.87947502690208,10280.0,19.0,39.0,,94.4300003051758,94.0299987792969,,44.9411768110773,88.6817918806029,99.6,,2.235,2.078,85.011,12.5757640797339,71.9343488283774,1.0,89.0,87.0,4.6,10.5,
Algeria,DZA,MEA,UMC,28.0,3.0,4.641,46814308.0,6.58221207266603,5320.0,,,,,,,70.5979339572563,85.8262893978246,100.0,,,,75.748,12.9844112787695,79.3555504278759,0.1,94.0,92.0,2.5,21.2,
Ecuador,ECU,LCN,UMC,-2.0,-77.5,5.128,18135478.0,8.34399866229053,6430.0,28.0,45.2,,,,,67.0895117739847,92.2725010923607,98.7,1.3,,,65.029,12.3367929690456,76.2035026213013,0.4,74.0,70.0,13.9,10.2,4.5
"Egypt, Arab Rep.",EGY,MEA,LMC,27.0,30.0,5.461,116538258.0,5.11629539338187,3510.0,,,,,,,,97.5287500099944,100.0,,,,43.258,9.62846081312771,85.6078303042361,0.1,97.0,97.0,8.5,24.7,
Eritrea,ERI,SSF,LIC,15.0,39.0,6.047,3535603.0,4.20287571879535,,,,,,,,,,54.4,,0.071,1.377,43.911,38.6445053843302,49.4781866614906,0.4,93.0,95.0,,,
Spain,ESP,ECS,HIC,40.0,-4.0,9.0,48807137.0,21.1454438932121,33410.0,,,,,,,99.5671426373018,99.9186164178539,100.0,2.94,,,81.802,5.61044466480471,90.7674536252155,0.3,97.0,94.0,2.5,28.4,
Estonia,EST,ECS,HIC,59.0,26.0,11.7,1371986.0,21.2973321004949,28700.0,,,,,,,97.0193826204319,99.0602205522915,100.0,,,,70.019,3.58259932872953,92.1948909762529,0.7,83.0,81.0,2.5,28.3,
Ethiopia,ETH,SSF,INX,8.0,38.0,5.96,132059767.0,3.22998448410868,,,,,,,2.2978069565991,13.2378982432178,9.33621609876944,55.4,,0.108,0.748,23.661,44.654315277746,43.2587026475636,0.7,72.0,73.0,22.2,5.2,
Finland,FIN,ECS,HIC,64.0,26.0,11.0,5637214.0,23.8972369428395,51710.0,,,,,,,99.6420270617799,99.4479470760581,100.0,,,,85.872,1.42416707005328,92.9328258466129,,94.0,91.0,2.5,22.3,
Fiji,FJI,EAS,UMC,,,9.255,928784.0,6.48697651983669,5680.0,,,212.88697815,,,,41.8635812237094,93.0437426301311,99.3,,,,59.192,9.350539618217,84.7051796587893,1.0,91.0,94.0,7.8,27.6,
France,FRA,ECS,HIC,46.0,2.0,9.2,68516699.0,22.1465618989138,45180.0,,,,,,,99.7041454123987,98.6459963453591,100.0,,,,82.044,6.36802803638816,87.2761033734964,,95.0,96.0,2.5,34.6,
Faroe Islands,FRO,ECS,HIC,,,7.6,54719.0,17.7375247069017,,,,,,,,,,100.0,,,,43.206,,,,,,,,
"Micronesia, Fed. Sts.",FSM,EAS,LMC,,,7.64,113160.0,5.94951418560363,4250.0,,,,,,,,,86.9,,,,23.555,12.7066300942558,79.4845909465401,,81.0,76.0,,,
Gabon,GAB,SSF,UMC,-1.0,11.5,6.269,2538952.0,4.08255139966242,7550.0,,,,,,,,49.8962345236713,94.1,,0.477,2.175,91.307,46.2702217334233,45.0063092378199,2.8,57.0,61.0,20.1,,
United Kingdom,GBR,ECS,HIC,54.0,-2.0,9.518,69226000.0,19.4997673608515,48610.0,,,5366.77685547,,,,99.8041470058874,99.1047902642941,100.0,2.35,3.174,9.151,84.884,8.1567751410004,88.1570765293416,,89.0,92.0,2.5,14.2,
Georgia,GEO,ECS,UMC,42.0,43.5,11.839,3673850.0,15.6376865642243,8200.0,9.4,33.9,,99.620002746582,99.6800003051758,3.98011682083814,69.1418510304816,86.2580184560702,100.0,,5.613,5.98,61.162,2.75314406500288,93.3455004497632,0.4,90.0,86.0,4.0,31.8,
Ghana,GHA,SSF,LMC,8.0,-2.0,7.04,34427414.0,3.70833260535242,2320.0,,,,,,,44.4680831984093,28.5838871671897,89.5,,0.141,3.789,59.854,45.238195906874,45.3861391861051,1.5,90.0,95.0,6.2,3.4,
Gibraltar,GIB,ECS,HIC,,,6.51,39329.0,17.6155000127133,,,,,,,,100.0,100.0,100.0,,,,100.0,,,,,,,,
Guinea,GIN,SSF,LMC,11.0,-10.0,9.125,14754785.0,3.45511630785822,1470.0,,,,,,,,31.2707417142027,51.1,,0.021,0.371,38.517,57.9601248878216,33.2732838664995,1.3,60.0,63.0,10.3,,
"Gambia, The",GMB,SSF,LIC,13.5,-16.5,6.292,2759988.0,3.07823857897907,890.0,,,,,,,47.6746525259498,47.7159921427543,66.9,1.15,,,65.08,52.173129196563,37.0967169269006,1.3,83.0,80.0,20.5,10.5,
Guinea-Bissau,GNB,SSF,LIC,12.0,-15.0,7.05,2201352.0,3.191856640828,960.0,,,,,,,23.871601843252,27.8438185893828,40.5,,0.208,0.986,45.893,57.6206587004614,33.173239929153,2.2,65.0,68.0,32.2,8.2,
Equatorial Guinea,GNQ,SSF,UMC,2.0,10.0,7.878,1892516.0,3.68789387041011,4740.0,,,,,,,,,66.9,,0.143,0.835,74.874,59.5093933289138,32.7808875315218,,53.0,68.0,,,
Greece,GRC,ECS,HIC,39.0,22.0,12.2,10388805.0,23.939763430194,23030.0,,,,,,,98.879641286099,99.0005831064114,100.0,,,,80.984,12.8546065898118,83.2361672454401,0.3,91.0,95.0,2.5,32.8,
Grenada,GRD,LCN,UMC,,,8.859,117207.0,12.2394044749696,10550.0,,,,,,,,,94.4,,,,37.267,11.3394877661653,82.8045358893799,,83.0,93.0,,,
Greenland,GRL,ECS,HIC,,,9.4,56836.0,10.8086569543065,,,,,,,,,62.5,100.0,,,,88.149,,,,,,,,
Guatemala,GTM,LCN,UMC,15.5,-90.25,4.829,18406359.0,4.84933494994855,5780.0,,,,78.4599990844727,82.1100006103516,,56.293305047255,69.6217278990742,100.0,0.44,,,53.542,22.3097034591438,61.5661164563163,0.2,90.0,81.0,12.6,11.9,
Guam,GUM,EAS,HIC,,,6.868,167777.0,12.6021445132527,,,,,,,,99.059791733307,90.3765791487569,100.0,,,,95.24,,,,,,,,
Guyana,GUY,LCN,HIC,,,7.32,831087.0,6.73491868776595,20220.0,,,,,,,,90.9892074094146,98.9,2.59,,,27.316,17.4113260046723,69.648005383792,1.6,99.0,98.0,2.5,11.1,
"Hong Kong SAR, China",HKG,EAS,HIC,,,7.3,7524100.0,22.6671478593232,57100.0,,,,,,3.80804991722107,100.0,96.5041739894552,100.0,,,,100.0,,,,,,2.5,,
Honduras,HND,LCN,LMC,15.0,-86.5,4.478,10825703.0,4.41772213694935,3020.0,62.9,45.7,,88.7799987792969,88.25,,65.2067969400954,84.3969913717355,95.6,0.66,,,60.818,10.683423692717,71.4312565119184,0.2,79.0,75.0,20.4,12.3,
Croatia,HRV,ECS,HIC,45.0,16.0,13.3,3866300.0,23.1877713482095,22080.0,,,,,,,,,100.0,,,,58.945,3.3963940810779,91.5384707848712,0.1,90.0,92.0,2.5,37.0,
Haiti,HTI,LCN,LMC,19.0,-72.4,7.817,11772557.0,4.70521824612954,1760.0,,,,,,,,37.475878862445,51.3,4.77,,,60.472,24.6562332642119,64.7169351587221,1.6,77.0,60.0,50.4,8.1,
Hungary,HUN,ECS,HIC,47.0,20.0,13.4,9562314.0,20.9931972318078,20690.0,,,1407.48730469,,,,100.0,97.9787370092362,100.0,6.84,,,73.179,1.97689691169873,93.8859147873012,,99.0,99.0,2.5,32.2,
Indonesia,IDN,EAS,UMC,-5.0,120.0,7.531,283487931.0,7.28860130431549,4910.0,9.0,34.9,,,,,30.2661667151466,88.156880601993,99.4,1.36,0.69,4.173,59.204,18.9256595520418,76.3264256879934,0.4,85.0,78.0,7.2,38.2,
Isle of Man,IMN,ECS,HIC,,,10.476,84160.0,23.1527854516073,,,,,,,,99.7098313889755,100.0,100.0,,,,53.708,,,,,,,,
India,IND,SAS,LMC,20.0,77.0,6.611,1450935791.0,7.14651714039908,2650.0,,,,,,,,78.3885599466666,99.5,1.6,,,36.867,24.166184366593,65.9332019454579,0.2,97.0,94.0,13.7,24.3,
Ireland,IRL,ECS,HIC,53.0,-8.0,6.6,5380257.0,15.8920783803289,77920.0,,,,,,,95.9914050398065,89.2548706492391,100.0,,,14.34,64.76,5.68459569024138,90.4058687318321,0.2,90.0,92.0,2.5,19.3,
"Iran, Islamic Rep.",IRN,MEA,UMC,32.0,53.0,4.672,91567738.0,8.23901267627149,4660.0,,,,,,,94.2212514688695,90.3647310611256,100.0,,,,77.698,8.08917917585891,81.3071549864524,,99.0,98.0,6.5,13.3,
Iraq,IRQ,MEA,UMC,33.0,44.0,4.132,46042015.0,3.41438792372575,6030.0,,,,,,,59.7426312653863,98.4987805458373,100.0,1.3,1.012,2.623,71.853,15.2968313867188,66.8927788998746,0.1,91.0,90.0,16.1,19.2,
Iceland,ISL,ECS,HIC,65.0,-18.0,6.6,404610.0,15.6448154592516,78480.0,,,7196.90917969,,,,100.0,98.7793267273749,100.0,,4.524,15.95,94.094,4.96802300638093,89.4710659502945,0.1,97.0,94.0,2.5,9.4,
Israel,ISR,MEA,HIC,31.5,35.0,5.2,9974400.0,12.5526937672772,52940.0,,,,,,,99.4711560405675,99.9245193973947,100.0,3.06,3.713,5.864,92.946,10.3180117827835,85.4465034349679,,98.0,98.0,2.5,20.4,
Italy,ITA,ECS,HIC,43.0,12.0,11.2,58986023.0,24.624776723376,38290.0,,,3228.43505859,,,,92.7105575597704,99.8850365009352,100.0,,4.248,7.71,72.292,5.50478804647942,90.6385058588077,0.3,95.0,94.0,2.5,22.4,
Jamaica,JAM,LCN,UMC,18.25,-77.5,8.076,2839175.0,8.20960314175773,6490.0,,,,,,5.51383018493652,,86.552597631728,97.7,1.68,,,57.762,8.97365890799868,79.297063590575,1.1,94.0,99.0,7.3,9.7,
Jordan,JOR,MEA,LMC,31.0,36.0,3.049,11552876.0,4.52316375593402,4430.0,,,,,,,85.7091310193345,97.1448857931036,100.0,1.38,,,92.206,10.01022905335,79.6060658555472,0.1,99.0,96.0,17.9,35.6,
Japan,JPN,EAS,HIC,36.0,138.0,13.0,123975371.0,29.7807703973917,36030.0,,,,,,,98.6585502009944,99.9376889486133,100.0,,,,92.134,10.2966193961317,84.7905248056048,,95.0,99.0,3.4,19.2,
Kazakhstan,KAZ,ECS,UMC,48.0,68.0,6.709,20592571.0,8.65323470294214,12150.0,5.0,,,,,,,97.8608457968327,100.0,,,,58.387,5.12469470440264,86.6754521201012,0.3,93.0,98.0,2.5,22.2,
Kenya,KEN,SSF,LMC,1.0,38.0,7.211,56432944.0,2.96616899017204,2110.0,,,,,,4.02242346098974,,36.528720029267,76.2,,0.102,0.644,30.049,48.2899120809572,40.856479221944,3.0,88.0,91.0,34.5,10.7,
Kyrgyz Republic,KGZ,ECS,LMC,41.0,75.0,4.4,7224614.0,5.68194389959712,2150.0,25.7,,,,,,76.4871521039571,97.8645711028921,100.0,4.23,,,38.166,10.4414310543389,81.5861780638101,0.3,96.0,85.0,6.1,27.3,
Cambodia,KHM,EAS,LMC,13.0,105.0,6.39,17638801.0,6.16370427229448,2520.0,,,,,,,29.131279569715,76.719418336462,95.0,,,,26.035,23.0343168225405,67.7209576492285,0.5,83.0,83.0,4.6,17.2,
Kiribati,KIR,EAS,LMC,,,7.046,134518.0,4.23660774022807,3620.0,,,,,,,14.4140746669502,45.1820538815103,95.9,,,,58.448,21.6167598805556,72.8134553298564,,79.0,94.0,3.7,39.7,
St. Kitts and Nevis,KNA,LCN,HIC,,,9.963,46843.0,11.2257968106227,22310.0,,,,,,,,,100.0,4.33,,,31.221,,,0.8,95.0,97.0,,,
"Korea, Rep.",KOR,EAS,HIC,37.0,128.0,6.0,51751065.0,19.2735131316057,,,,3269.70385742,,,,99.2801236024823,99.8167822550343,100.0,12.75,,,81.498,12.8287871492843,77.9104186148433,,97.0,97.0,2.5,20.0,
Kuwait,KWT,MEA,HIC,29.5,47.75,1.53211676064858,4973861.0,3.1048387301063,40250.0,,,,,,6.43592667889685,100.0,100.0,100.0,,,,100.0,7.08553117120388,79.3692717439555,0.1,98.0,99.0,2.5,19.9,
Lao PDR,LAO,EAS,LMC,18.0,105.0,6.221,7769819.0,4.66578436383138,2000.0,,,,,,,17.8720755715615,79.5136338496498,96.5,1.31,,,38.906,25.6405037340773,65.3429480560114,0.4,69.0,67.0,5.4,27.2,
Lebanon,LBN,MEA,LMC,34.0,36.0,5.962,5805962.0,10.1385877257367,,,,,,,1.22490869993085,47.7,99.2,100.0,2.73,,,89.603,5.55337748107005,88.5511303769937,0.1,67.0,49.0,9.6,34.3,
Liberia,LBR,SSF,LIC,6.5,-9.5,8.071,5612817.0,3.30499818540316,760.0,,,,,,,,22.5233824972505,32.5,1.59,0.18,0.794,54.077,58.4314977293647,31.6550622520222,0.9,82.0,83.0,38.4,8.2,
Libya,LBY,MEA,UMC,25.0,17.0,6.654,7381023.0,5.01919584859714,6310.0,,,,,,,,92.1060022089555,73.2,3.2,,,81.907,10.3928533300441,75.050321329237,0.1,89.0,86.0,11.4,,
St. Lucia,LCA,LCN,UMC,,,8.614,179744.0,9.61675943775436,12800.0,,,,,,3.84700018653403,,83.3579887895079,100.0,1.96,,,19.306,7.9406531999336,82.096785253246,0.4,83.0,99.0,,13.8,
Liechtenstein,LIE,ECS,HIC,,,6.8,40197.0,20.7261098570354,,,,,,,,100.0,99.95,100.0,,,,14.707,,,,,,,,
Sri Lanka,LKA,SAS,LMC,7.0,81.0,8.2,21916000.0,12.1039396323455,3860.0,,,,,,,47.1275328737655,95.0863607756551,100.0,,,,19.416,9.47024212360678,82.5187048538365,0.1,99.0,97.0,4.1,19.5,0.5
Lesotho,LSO,SSF,LMC,-29.5,28.5,10.648,2337423.0,3.8564059343144,1170.0,,,,96.629997253418,90.4499969482422,6.62253066096596,28.2174874193037,50.2791929850309,57.3,,0.151,,30.897,42.1882542295161,45.0802861409139,17.1,90.0,86.0,,24.3,7.7
Lithuania,LTU,ECS,HIC,56.0,24.0,12.9,2888055.0,20.1664889015269,26950.0,,,1988.94665527,,,,94.9814964714414,95.3067363442577,100.0,,5.127,9.467,68.936,3.41432799404597,91.1542757580292,0.2,86.0,89.0,2.5,31.4,
Luxembourg,LUX,ECS,HIC,49.75,6.17,6.6,677717.0,15.4763638200631,91470.0,,,7504.58496094,,,,99.5340819574653,97.585929408821,100.0,4.15,,,92.266,5.3566112640065,88.5966262598026,0.3,99.0,99.0,2.5,23.0,
Latvia,LVA,ECS,HIC,57.0,25.0,14.9,1862441.0,21.7358403074143,21930.0,,,,,,,97.1112722593105,,100.0,,,,68.815,3.04076502411086,91.9936098302222,0.5,98.0,97.0,2.5,33.9,
"Macao SAR, China",MAC,EAS,HIC,,,4.4,687000.0,14.2684189919779,,,,,,,,100.0,100.0,100.0,,,,100.0,,,,,,10.7,,
St. Martin (French part),MAF,LCN,HIC,,,9.282,26129.0,18.4067511194458,,,,,,,,96.6287648090298,100.0,100.0,,,,,,,,,,,,
Morocco,MAR,MEA,LMC,32.0,-5.0,5.638,38081173.0,8.13865292437289,3760.0,,,,,,,74.8241993528604,87.5163486641307,100.0,,,,65.643,8.9061293772705,84.1902894663775,0.1,98.0,96.0,6.9,13.0,
Monaco,MCO,ECS,HIC,,,20.971,38631.0,36.1665501799073,,,,,,,,100.0,100.0,100.0,,,,100.0,,,,88.0,99.0,,,
Moldova,MDA,ECS,UMC,47.0,29.0,13.606,2389275.0,16.2115124727323,6940.0,,,,,,,75.2243421159045,84.9109519217603,100.0,5.66,,,43.599,4.47050314530646,89.484237974785,0.9,84.0,86.0,2.5,29.7,
Madagascar,MDG,SSF,LIC,-20.0,47.0,7.528,31964956.0,3.40515250513719,510.0,,,,,,,22.2392232754516,14.7542851111188,39.4,,,,41.231,45.459444882299,45.0253641794136,0.5,46.0,60.0,39.7,26.8,
Maldives,MDV,SAS,UMC,,,2.338,527799.0,4.64021341457638,11650.0,,,,,,,,99.700538860316,100.0,,,,42.407,8.15932122841673,85.1781921618113,0.1,99.0,99.0,,26.3,
Mexico,MEX,LCN,UMC,23.0,-102.0,6.161,130861007.0,8.24857017950351,12800.0,29.6,,,95.1709315749585,95.7654716766416,,43.0378794213272,92.5184477680319,99.7,1.02,,,81.862,9.0934368360701,80.4103092072542,0.5,80.0,78.0,3.1,14.9,
Marshall Islands,MHL,EAS,UMC,,,6.968,37548.0,4.64072653669969,8380.0,,,,,,,,81.4596743556766,100.0,,,,79.208,,,,88.0,85.0,,29.8,
North Macedonia,MKD,ECS,UMC,41.5,22.0,11.0,1792179.0,18.0247601630052,8360.0,,,,,,,80.4470258702833,98.9818075276227,100.0,,,,59.868,1.28361099483121,96.131870575848,0.1,73.0,89.0,2.5,,
Mali,MLI,SSF,LIC,17.0,-4.0,8.627,24478595.0,2.38401749806275,1020.0,43.3,,,,,,,50.2085511222901,54.5,,0.195,0.352,46.934,60.2543251797839,30.3222602495614,0.8,72.0,82.0,9.6,8.0,1.4
Malta,MLT,MEA,HIC,,,7.3,574346.0,20.2123026573043,34660.0,,,,,,,99.7724155281172,99.964422815225,100.0,,,,95.006,7.00213354268577,89.7452088059069,0.3,88.0,97.0,2.5,24.7,
Myanmar,MMR,EAS,LMC,22.0,98.0,9.153,54500091.0,7.3044263357285,1220.0,,,,,,,57.3964993719658,74.1301534432673,76.8,,,,32.47,21.5972988139263,71.1445252140296,0.9,71.0,71.0,5.3,44.4,
Montenegro,MNE,ECS,UMC,42.5,19.3,10.1,623831.0,17.8320804850907,12020.0,,,,,,,85.1189179871969,97.8104465050209,100.0,,2.752,5.993,68.84,1.41387631975863,94.1059452107939,0.1,23.0,81.0,2.5,32.0,
Mongolia,MNG,EAS,UMC,46.0,105.0,5.5,3524788.0,5.13764767489369,5350.0,,,,,,,39.2801550444961,69.9648819624705,100.0,10.55,,,69.263,6.30956602200595,82.7159926018599,0.1,96.0,96.0,2.5,29.5,
Northern Mariana Islands,MNP,EAS,HIC,,,4.704,44278.0,9.75213144373553,,,,,,,,90.6391752577319,80.3272843396756,100.0,,,,92.171,,,,,,,,
Mozambique,MOZ,SSF,LIC,-18.25,35.0,7.002,34631766.0,2.75374348509978,550.0,,,,,,,,37.3797966827908,36.0,0.73,0.082,0.512,39.326,54.4396366039944,36.1641671601934,11.5,65.0,70.0,24.8,,
Mauritania,MRT,SSF,LMC,20.0,-12.0,5.52,5169395.0,3.22841423141255,2090.0,,,,,,,,55.9298943954257,50.3,,0.236,1.656,58.458,52.7128002020344,37.0647597305999,0.1,93.0,86.0,9.3,9.5,
Mauritius,MUS,SSF,UMC,-20.3,57.5,9.4,1259509.0,13.5258962419631,12850.0,,,,,,4.08979988098145,,,100.0,3.71,1.197,3.001,40.944,7.26439921820429,88.3814838404028,,98.0,93.0,5.9,20.9,
Malawi,MWI,SSF,LIC,-13.5,34.0,5.363,21655286.0,2.58611915815843,540.0,,,,,,,17.7570796234108,49.2412888129489,15.6,,0.049,0.5,18.598,49.647247988715,40.1883723817408,6.2,89.0,91.0,19.9,9.7,
Malaysia,MYS,EAS,UMC,2.5,112.5,5.158,35557673.0,7.73785157794421,11670.0,,,,,,,93.941920809996,95.9961352001802,100.0,2.01,,,79.201,18.138603074633,73.4429783304743,0.3,96.0,93.0,2.5,22.0,
Namibia,NAM,SSF,LMC,-22.0,17.0,6.169,3030131.0,3.67296001393999,4240.0,,,,,,9.08440819434816,,35.8405413584001,56.7,,0.543,3.355,55.795,45.1503326089775,43.0371729362929,9.0,79.0,74.0,22.2,14.1,
New Caledonia,NCL,EAS,HIC,,,6.271,292639.0,11.4260036666274,,,,,,,,96.8652854148107,100.0,100.0,,,,73.106,,,,,,5.6,,
Niger,NER,SSF,LIC,16.0,8.0,8.859,27032412.0,2.59438183698921,660.0,,,,,,,,16.4096569958993,20.1,,0.023,0.202,17.232,59.1736143290551,30.3541425963808,0.2,81.0,86.0,13.3,7.7,
Nigeria,NGA,SSF,LMC,10.0,8.0,11.74,232679478.0,3.04866208065127,1250.0,,,,62.4199981689453,70.4100036621094,,28.9848848748333,46.5706750774817,61.2,,0.394,1.682,55.03,65.2078910458964,27.1317098254344,1.2,57.0,67.0,18.0,3.3,
Nicaragua,NIC,LCN,LMC,13.0,-85.0,4.586,6916140.0,5.5335856079826,2510.0,,,,,,,,,88.3,0.9,,,60.155,9.45054216988521,81.6398958837988,,,,19.6,,
Netherlands,NLD,ECS,HIC,52.5,5.75,9.5,17994237.0,20.4960775816586,62840.0,,,,,,,99.9678911890245,97.6702343416938,100.0,,,,93.453,6.00082384419398,88.234188813408,,89.0,91.0,2.5,21.3,
Norway,NOR,ECS,HIC,62.0,10.0,7.9,5572272.0,18.7852406279027,98280.0,,,,,,,98.8231103374865,98.0490118575755,100.0,,,,84.318,7.67957977902199,86.7221299287588,0.1,96.0,97.0,2.5,14.2,
Nepal,NPL,SAS,LMC,28.0,84.0,6.932,29651054.0,6.50345841831696,1470.0,,,,,,3.68849173764595,16.1166371410422,80.3927030291667,94.0,0.39,,,22.366,24.8208329609614,66.4573216682287,0.1,97.0,97.0,5.7,28.3,
Nauru,NRU,EAS,HIC,,,7.519,11947.0,2.85020717364919,21260.0,,,,,,,,,100.0,,,,100.0,,,,98.0,99.0,,48.3,
New Zealand,NZL,EAS,HIC,-42.0,174.0,7.23,5338500.0,17.1957543080631,46280.0,,,,,,,100.0,100.0,100.0,2.66,3.574,11.74,87.091,4.35473043131918,89.6018985474786,0.1,89.0,89.0,2.5,12.2,
Oman,OMN,MEA,HIC,21.0,57.0,1.901,5281538.0,2.64409723076876,19280.0,,,,,,,90.851749132955,99.3206156339836,100.0,,2.058,4.817,88.998,9.76462365102089,79.7897919025766,0.1,99.0,99.0,5.7,8.4,
Pakistan,PAK,MEA,LMC,30.0,70.0,6.466,251269164.0,4.28062891951199,1430.0,,,,,,,50.6017785742925,70.5288132588719,95.6,,,,38.365,33.1479592293348,59.8558675161075,0.2,86.0,87.0,20.7,18.9,
Panama,PAN,LCN,HIC,9.0,-80.0,4.771,4515577.0,9.35311257011009,17960.0,,49.7,,95.9457933826316,96.256135181795,,,85.8798756121606,97.0,,,,69.888,13.3672704197102,77.859990559681,1.1,93.0,72.0,5.6,5.2,
Peru,PER,LCN,UMC,-10.0,-76.0,5.491,34217848.0,9.22812283852747,7490.0,27.6,40.1,,90.6500015258789,93.6600036621094,,51.9852117120259,78.4594565767913,96.2,1.6,1.621,2.655,79.139,17.5375809963723,72.5860849365678,0.4,89.0,80.0,7.0,7.1,
Philippines,PHL,EAS,LMC,13.0,122.0,6.236,115843670.0,5.49193411039176,4470.0,,,194.05615234,,,3.92501087473821,47.9019041200159,84.7571618236724,98.0,0.96,,,48.614,24.281664665108,69.7491443602475,0.3,80.0,71.0,5.9,20.4,
Palau,PLW,EAS,HIC,,,11.495,17695.0,11.3418665762482,,,,,,,,90.4408486187601,99.0185065927333,100.0,,,,82.839,,,,96.0,97.0,,17.3,
Papua New Guinea,PNG,EAS,LMC,-6.0,147.0,6.516,10576502.0,3.46461445686932,2940.0,,,,,,,,19.304728768578,20.5,,,,13.88,30.2720267838858,62.3545333786307,1.5,44.0,42.0,27.7,39.6,
Poland,POL,ECS,HIC,52.0,20.0,11.1,36554707.0,20.1434028173028,21560.0,13.3,,1543.71240234,,,,88.9144993074404,98.9570825241432,100.0,,,,60.33,5.85222082210651,89.906897649352,,92.0,94.0,2.5,23.6,
Puerto Rico (US),PRI,LCN,HIC,,,10.7,3203295.0,24.718679022048,25930.0,,,,,,4.27101949674789,99.8731075904989,100.0,100.0,,,,93.664,,,,,,,,
"Korea, Dem. People's Rep.",PRK,EAS,LIC,,,9.684,26498823.0,12.399869609303,,,,,,,,66.531399868941,84.7650388403018,57.5,,,,63.503,12.7943441218335,80.4000006804435,,99.0,99.0,,16.5,
Portugal,PRT,ECS,HIC,39.5,-8.0,11.2,10701636.0,24.5306498594644,26620.0,,,2743.57739258,,,,95.1567339921988,99.6612567289747,100.0,,,,68.423,8.5170034449767,86.6892779439777,0.5,99.0,99.0,2.5,25.6,
Paraguay,PRY,LCN,UMC,-23.0,-58.0,5.703,6929153.0,6.53764608747996,6290.0,20.1,44.2,,94.3399963378906,94.8600006103516,,64.2206042704366,94.5727484403312,99.8,,3.882,,63.489,13.954068845618,74.9383368877686,0.5,90.0,80.0,4.5,10.7,
West Bank and Gaza,PSE,MEA,LMC,,,7.198,5289152.0,3.83773428275027,3080.0,,,,96.874024754433,97.9449803653341,,80.3301824695162,99.4416057169053,100.0,,,,77.877,,,,89.0,88.0,,,
French Polynesia,PYF,EAS,HIC,,,3.649,281807.0,11.324082304702,,,,,,,,81.8132594702229,97.0033810791135,100.0,,,,62.42,,,,,,5.4,,
Qatar,QAT,MEA,HIC,25.5,51.25,0.93,2857822.0,1.67581729963329,76720.0,,,,,,,96.654816058767,99.936545083788,100.0,,,,99.387,4.95048572778131,76.8900092385815,0.1,99.0,96.0,,12.5,
Romania,ROU,ECS,HIC,46.0,25.0,12.7,19069340.0,19.9809987731847,17600.0,,,,,,,82.0723248379512,88.2842294269223,100.0,,,,54.88,5.32769761915331,91.037146163309,0.2,78.0,79.0,2.5,30.0,
Russian Federation,RUS,ECS,HIC,60.0,100.0,12.1,143533851.0,17.1774753758315,15320.0,,,,,,,76.2331071384836,89.4185264529743,100.0,7.03,,,75.548,3.9034529707424,89.3053298873847,,97.0,97.0,2.5,29.2,
Rwanda,RWA,SSF,LIC,-2.0,30.0,5.935,14256567.0,3.92606803328137,1040.0,,,,,,4.69134998321533,,73.826445482821,63.9,,,,18.081,38.1809158837927,50.3926880607269,2.0,97.0,98.0,31.4,14.3,
Saudi Arabia,SAU,MEA,HIC,25.0,45.0,2.34,35300280.0,2.95084263846487,35570.0,,,,96.6900024414062,97.9300003051758,,,95.3480675371882,100.0,2.15,3.077,5.509,85.171,7.13055653028488,73.410221100722,0.1,96.0,97.0,3.0,14.9,
Sudan,SDN,SSF,LIC,15.0,30.0,6.404,50448963.0,3.30171309271226,720.0,,,,,,,,,66.0,,,,36.752,35.5456510407433,53.9452462094465,0.2,46.0,39.0,11.4,,
Senegal,SEN,SSF,LMC,14.0,-14.0,5.581,18501984.0,3.61772273671508,1680.0,,,,,,,26.6925904153209,60.1839131026354,74.2,,0.126,0.435,50.08,43.7546078460253,44.9103407806288,0.3,87.0,91.0,4.6,6.5,
Singapore,SGP,EAS,HIC,1.35,103.8,6.2,6036860.0,13.6562182859265,74750.0,,,,,,2.19099857819757,100.0,100.0,100.0,2.65,,,100.0,20.7052204629064,75.0212481147359,0.1,97.0,97.0,,16.4,
Solomon Islands,SLB,EAS,LMC,,,5.141,819198.0,3.63880282910847,2080.0,,,,,,,,,81.3,,,,26.488,23.3994420494799,66.8316987763344,0.1,78.0,87.0,19.4,36.9,
Sierra Leone,SLE,SSF,LIC,8.5,-11.5,8.287,8642022.0,3.24269579256476,840.0,,,,,,,10.262418642337,22.9191871774247,35.5,,0.043,1.119,44.779,56.6757595572297,34.0743981626212,1.4,90.0,91.0,28.4,12.9,
El Salvador,SLV,LCN,UMC,13.8,-88.9,7.519,6338193.0,8.14861585944133,5120.0,,,,88.25,89.7699966430664,,,87.5527837523229,98.3,1.16,1.552,2.16,75.996,15.7989247028582,65.1075874676011,0.4,96.0,95.0,6.8,8.9,
San Marino,SMR,ECS,HIC,,,8.3,33977.0,22.4099937464638,,,,,,,,100.0,100.0,100.0,,,,97.932,,,,85.0,88.0,,,
"Somalia, Fed. Rep.",SOM,SSF,LIC,5.0,46.0,9.835,19009151.0,2.591583390547,600.0,,,,,,,,40.5758031158919,50.3,,,,48.519,61.0164601667836,29.8790260671022,0.1,64.0,70.0,51.3,,
Serbia,SRB,ECS,UMC,44.0,21.0,14.7,6587202.0,22.6860376805019,11570.0,,,,,,,75.0752476006734,97.9104148354253,100.0,,,,57.371,2.70973223805172,94.9158841872602,0.1,84.0,95.0,2.5,39.5,
South Sudan,SSD,SSF,LIC,8.0,30.0,9.609,11943408.0,2.99167528264649,,,,,,,,,16.0551793971587,5.4,,,,21.56,61.3045825239178,27.9405168965776,1.5,72.0,73.0,19.6,,
Sao Tome and Principe,STP,SSF,LMC,,,5.572,235536.0,3.90024476036623,2770.0,,,,,,,36.3006918200211,47.8426472252971,81.3,,,,77.014,30.9546637024882,57.630449772173,,87.0,87.0,16.4,7.8,
Suriname,SUR,LCN,UMC,4.0,-56.0,6.649,634431.0,7.89928297955175,5870.0,,,,,,,55.7961520243991,89.9723420362516,99.6,,,,66.533,11.8146625910832,78.6097363921946,1.6,73.0,69.0,10.1,,
Slovak Republic,SVK,ECS,HIC,48.7,19.5,10.0,5422069.0,18.5373993543753,23900.0,,,,,,,99.1847298839003,97.536360698203,100.0,,,,54.172,5.10477524844871,88.6085086359974,0.1,94.0,96.0,3.6,32.4,
Slovenia,SVN,ECS,HIC,46.0,15.0,10.2,2126324.0,21.7723491779025,31640.0,,,3033.32104492,,,,98.2743209096652,98.3111577508786,100.0,,,,56.438,2.65495639467145,89.9880996804389,0.1,95.0,90.0,2.5,20.1,
Sweden,SWE,ECS,HIC,62.0,15.0,9.0,10569709.0,20.7467682423653,58820.0,,,6152.33300781,,,,99.7388798657575,98.8608146114769,100.0,,,,88.976,5.91546177237149,89.0470759204382,,93.0,96.0,2.5,22.7,
Eswatini,SWZ,SSF,LMC,-26.5,31.5,7.7,1242822.0,4.26195555838067,3580.0,,,,,,6.03082905337534,,64.4202338506503,86.4,,1.591,3.182,25.013,42.0794029267991,45.8623399494381,23.4,85.0,84.0,12.4,9.5,
Sint Maarten (Dutch part),SXM,LCN,HIC,,,8.126,43350.0,13.942169063794,,,,,,,,,,100.0,,,,100.0,,,,,,,,
Seychelles,SYC,SSF,HIC,,,7.3,121354.0,8.53904929131987,17460.0,,,,,,,,100.0,100.0,,3.819,7.274,59.242,13.4850864126618,78.9806538080804,,97.0,94.0,2.5,20.2,
Syrian Arab Republic,SYR,MEA,LIC,35.0,38.0,5.039,24672760.0,4.74170917120154,,,,,,,,,94.980325115384,88.4,1.43,,,58.044,10.6566129269053,75.2126624215035,0.1,81.0,73.0,34.0,,
Turks and Caicos Islands,TCA,LCN,HIC,,,7.401,46535.0,11.2518668944547,,,,,,,2.94998113247616,47.0850771759839,93.1462182010626,100.0,,,,94.433,,,,,,,,
Chad,TCD,SSF,LIC,15.0,19.0,11.032,20299123.0,2.10053656012627,970.0,,,,,,,6.24704860480126,12.9220664368098,12.0,,0.085,0.21,24.691,63.4475184752633,26.9854526457781,0.9,66.0,68.0,35.1,7.4,
Togo,TGO,SSF,LIC,8.0,1.0,7.702,9515236.0,3.21344647749391,1010.0,,,,,,,19.4177904317129,19.1976367083179,59.2,,0.083,0.508,45.064,48.5624412207673,41.1204738449955,1.6,81.0,90.0,12.8,6.4,
Thailand,THA,EAS,UMC,15.0,100.0,8.888,71668011.0,15.3627543814492,7120.0,,,,,,,,99.0156252589314,100.0,2.34,,,54.32,13.9039699177043,76.5819668572181,1.0,93.0,92.0,5.6,19.2,
Tajikistan,TJK,ECS,LMC,39.0,71.0,4.581,10590927.0,3.85166927070363,1650.0,19.8,36.1,,,,,55.2921007475287,96.7483291193228,100.0,4.32,,,28.523,19.4927277240652,73.1880151836871,0.2,98.0,97.0,8.7,,
Turkmenistan,TKM,ECS,UMC,40.0,60.0,5.781,7494498.0,4.53024308431045,8390.0,,,,,,,94.8805426953047,99.8182083856896,100.0,4.03,,,54.524,21.9530614355745,72.3043873152797,,99.0,98.0,4.1,5.6,
Timor-Leste,TLS,EAS,LMC,-8.8,126.0,7.271,1400638.0,5.2777020186515,1560.0,,,,,,,,58.3783532133543,100.0,,,,32.842,40.0552374196527,53.083942403429,0.2,72.0,83.0,15.9,38.7,
Tonga,TON,EAS,UMC,,,6.442,104175.0,6.71559051792408,,,,,,,,29.5287016952487,95.2955412998895,100.0,,,,23.21,11.082843800717,79.4010784668366,,99.0,99.0,,31.3,
Trinidad and Tobago,TTO,LCN,HIC,10.5,-61.25,8.368,1368333.0,12.3783519031106,20000.0,,,,,,,,93.9152110121169,98.7,1.61,,,53.562,6.97721770742153,82.6593998696751,,96.0,92.0,12.6,,
Tunisia,TUN,MEA,LMC,34.0,9.0,6.071,12277109.0,9.52962134652384,3900.0,,,,,,,74.3034603115934,97.4375269911084,100.0,2.42,,,70.88,7.14455905561033,85.9446988729274,0.1,96.0,97.0,3.2,20.5,
Turkiye,TUR,ECS,UMC,39.0,35.0,6.2,85518661.0,10.2841810756946,13150.0,,,,,,,,99.2487500218028,100.0,,,,77.893,5.16531847193368,90.1666080124334,,95.0,99.0,2.5,30.5,
Tuvalu,TUV,EAS,UMC,,,9.138,9646.0,6.66632108237002,,,,,,,,8.70710061176711,83.5463346619255,100.0,,,,66.928,,,0.4,97.0,94.0,,33.7,
Tanzania,TZA,SSF,LMC,-6.0,35.0,5.791,68560157.0,3.04500104922455,1200.0,,,,,,3.15504437906936,11.3356525332316,30.6179496792131,48.3,,0.133,,38.136,54.3369886339401,34.3811377618399,3.5,84.0,83.0,23.8,9.3,
Uganda,UGA,SSF,LIC,1.0,32.0,4.842,50015092.0,2.18856638123782,1020.0,,,,,,,18.6814232075292,21.0121303393868,51.5,,0.168,2.268,27.389,51.6605577071455,35.5809226467057,4.9,90.0,91.0,36.9,7.5,
Ukraine,UKR,ECS,UMC,49.0,32.0,13.13,37860221.0,18.9624484896371,5220.0,,,,,,,87.6207250140124,97.7453007185575,100.0,,,,70.284,3.13381595554519,91.8551649320085,,91.0,88.0,5.8,24.9,
Uruguay,URY,LCN,HIC,-33.0,-56.0,9.783,3386588.0,16.0451929855644,21580.0,17.3,40.0,,99.1699981689453,98.9100036621094,,,98.3248312886721,100.0,2.48,4.63,7.317,95.852,7.15428871700658,85.51001841335,,97.0,94.0,2.5,20.5,
United States,USA,NAC,HIC,38.0,-97.0,9.2,340110988.0,17.9287302134033,83660.0,,,,,,,97.468388745246,99.631610907923,100.0,,,11.88,83.515,5.3020598009239,88.1449804799197,,92.0,94.0,2.5,24.3,
Uzbekistan,UZB,ECS,LMC,41.0,64.0,6.206,36361859.0,5.86451589287555,3020.0,8.9,34.6,,,,,79.8452982407754,96.3066941900978,100.0,4.86,,,50.626,8.20831596886303,85.1820186447499,,99.0,90.0,2.5,16.7,
St. Vincent and the Grenadines,VCT,LCN,UMC,,,11.499,100616.0,11.8912499006122,11020.0,,,,,,,,,100.0,4.2,,,54.725,13.1084180064473,79.0991011982907,0.8,99.0,99.0,4.8,,
"Venezuela, RB",VEN,LCN,INX,8.0,-66.0,7.56,28405543.0,9.67921120184184,,,,,,,,,98.3955859787771,100.0,,,,88.505,15.5617500592489,65.0577003675068,0.6,71.0,62.0,17.6,,
British Virgin Islands,VGB,LCN,HIC,,,5.972,39471.0,9.62352106609916,,,,,,,,,,100.0,,,,50.171,,,,,,,,
Virgin Islands (U.S.),VIR,LCN,HIC,,,9.0,104377.0,22.6900653671751,,,,,,,,,99.1085439775738,100.0,,,,96.314,,,,,,,,
Viet Nam,VNM,EAS,LMC,16.0,108.0,6.577,100987686.0,9.04718319297274,4490.0,,,,,,,57.7814114254904,92.1703402892452,99.8,,,,40.195,9.30494112386208,81.3665708335802,0.4,98.0,97.0,5.2,22.5,
Vanuatu,VUT,EAS,LMC,,,5.083,327777.0,4.29574940317746,3940.0,,,,,,,,46.7149333781719,61.6,,,,26.147,16.8570486119756,73.9255570040283,0.1,61.0,71.0,7.9,,
Samoa,WSM,EAS,UMC,,,6.157,218019.0,5.88089597490133,4650.0,,,,,,5.45616637544294,62.1917137502586,97.9278644978324,100.0,,,,17.42,10.3658660641934,81.751376205632,,85.0,85.0,5.4,22.5,
Kosovo,XKX,ECS,UMC,,,5.871,1527324.0,10.0741041910268,7180.0,,,,,,,,,,,,,,,,,,,,,
"Yemen, Rep.",YEM,MEA,LIC,15.0,48.0,4.792,40583164.0,2.52303760097367,,,,,,,,,54.8447584872486,83.6,,,,40.477,30.145592705535,50.3616968458699,0.1,41.0,42.0,39.5,21.4,
South Africa,ZAF,SSF,UMC,-29.0,24.0,9.239,64007187.0,6.69054794339382,6100.0,,,,90.8300018310547,91.1500015258789,6.02110004425049,,77.6342459782462,87.7,,,,69.298,35.6803578327848,51.3300565987341,17.2,76.0,74.0,8.1,20.7,
Zambia,ZMB,SSF,LMC,-15.0,30.0,5.207,21314956.0,1.9467528327704,1260.0,,,,,,,,36.3013685414785,51.1,,0.262,2.147,46.914,56.517852657474,34.7923815115643,9.4,88.0,91.0,35.4,14.6,
Zimbabwe,ZWE,SSF,LMC,-20.0,30.0,7.614,16634373.0,3.60165374437779,2260.0,,,,,,,26.5164278963248,34.6178581154233,62.0,,0.166,2.143,32.67,47.6473006196949,39.2582275747306,9.8,90.0,91.0,38.1,11.3,4.3
